statut;date_preparation;tableau_pinterest;titre;description;mots_cles;url;page_locale_verifiee;image;format_image
pret_a_publier;2026-07-14 18:48:17;Applications pour économiser;Les meilleures applications pour économiser en 2026;Découvrez les applications économies sélectionnées par EcoMilie pour faire du cashback, trouver des bons plans et économiser de l’argent au quotidien.;applications économies, cashback, bons plans, économiser argent, applications cashback, économies du quotidien;https://www.ecomilie.fr/article-meilleures-applications-economiser-2026.html;outputs\ecomilie-v1\article-meilleures-applications-economiser-2026.html;outputs\ecomilie-v1\EcoMilie_Assets\Pinterest\premieres-epingles\applications-economiser-argent-2026.jpg;1000x1500
pret_a_publier;2026-07-14 18:48:17;Courses et budget alimentaire;Réduire le coût de ses courses sans tout changer;Un guide simple pour faire des économies courses, utiliser les bonnes applications et mieux gérer son budget alimentaire sans changer toutes ses habitudes.;économies courses, budget alimentaire, applications courses, économiser sur les courses, bons plans courses;https://www.ecomilie.fr/article-reduire-budget-courses.html;outputs\ecomilie-v1\article-reduire-budget-courses.html;outputs\ecomilie-v1\EcoMilie_Assets\Pinterest\premieres-epingles\reduire-budget-courses.jpg;1000x1500
pret_a_publier;2026-07-14 18:48:17;Cashback et remboursements;Cashback : comment récupérer de l’argent sur ses achats;EcoMilie explique comment fonctionne le cashback, pourquoi les enseignes rémunèrent les plateformes et comment récupérer de l’argent plus facilement.;cashback, comment fonctionne le cashback, récupérer de l’argent, cashback France, applications cashback;https://www.ecomilie.fr/article-cashback-comment-ca-marche.html;outputs\ecomilie-v1\article-cashback-comment-ca-marche.html;outputs\ecomilie-v1\EcoMilie_Assets\Pinterest\premieres-epingles\cashback-comment-ca-marche.jpg;1000x1500
pret_a_publier;2026-07-14 18:48:17;Banques en ligne;Comment choisir une banque en ligne en 2026 ?;Frais, carte bancaire, application mobile, service client et prime de bienvenue : les points à vérifier pour comparer une banque en ligne.;banque en ligne, meilleure banque, comparer banque, ouvrir un compte bancaire, prime de bienvenue;https://www.ecomilie.fr/article-choisir-banque-en-ligne-2026.html;outputs\ecomilie-v1\article-choisir-banque-en-ligne-2026.html;outputs\ecomilie-v1\EcoMilie_Assets\Pinterest\premieres-epingles\choisir-banque-en-ligne-2026.jpg;1000x1500
pret_a_publier;2026-07-14 18:48:17;EcoMilie et bons plans du quotidien;Pourquoi j’ai créé EcoMilie ?;Découvrez l’histoire d’EcoMilie, un projet pensé pour partager des bons plans, parrainages, cashback et applications utiles avec transparence.;EcoMilie, bons plans, économies du quotidien, parrainage, cashback, applications utiles;https://www.ecomilie.fr/article-pourquoi-j-ai-cree-ecomilie.html;outputs\ecomilie-v1\article-pourquoi-j-ai-cree-ecomilie.html;outputs\ecomilie-v1\EcoMilie_Assets\Pinterest\premieres-epingles\pourquoi-ecomilie.jpg;1000x1500
pret_a_publier;2026-07-14 18:48:17;Bons plans du quotidien;Des bons plans sélectionnés pour économiser simplement;Retrouvez les offres EcoMilie : cashback, parrainages, shopping, courses, banques en ligne et applications utiles pour économiser au quotidien.;bons plans, offres de parrainage, cashback, économies du quotidien, codes promo, applications utiles;https://www.ecomilie.fr/offres.html;outputs\ecomilie-v1\offres.html;outputs\ecomilie-v1\EcoMilie_Assets\Pinterest\premieres-epingles\bons-plans-selectionnes.jpg;1000x1500
pret_a_publier;2026-07-14 18:48:17;Cashback et remboursements;Applications cashback : les offres à connaître;Explorez les applications cashback sélectionnées par EcoMilie pour récupérer une partie de vos achats et cumuler de petites économies.;applications cashback, cashback France, Joko, eBuyClub, iGraal, économiser argent;https://www.ecomilie.fr/cashback.html;outputs\ecomilie-v1\cashback.html;outputs\ecomilie-v1\EcoMilie_Assets\Pinterest\premieres-epingles\applications-cashback-utiles.jpg;1000x1500
pret_a_publier;2026-07-14 18:48:17;Courses et budget alimentaire;Courses : les bons plans pour dépenser moins;Découvrez les offres EcoMilie pour économiser sur les courses : Shopmium, Too Good To Go, HelloFresh et astuces simples.;courses, économiser sur les courses, Shopmium, Too Good To Go, budget alimentaire, anti-gaspillage;https://www.ecomilie.fr/courses.html;outputs\ecomilie-v1\courses.html;outputs\ecomilie-v1\EcoMilie_Assets\Pinterest\premieres-epingles\economiser-sur-les-courses.jpg;1000x1500
pret_a_publier;2026-07-14 18:48:17;Shopping malin;Shopping malin : ventes privées et bons plans utiles;EcoMilie rassemble des offres shopping, ventes privées, codes et bons plans pour faire des achats plus réfléchis et profiter de réductions.;shopping malin, ventes privées, bons plans shopping, codes promo, réductions, économies;https://www.ecomilie.fr/shopping.html;outputs\ecomilie-v1\shopping.html;outputs\ecomilie-v1\EcoMilie_Assets\Pinterest\premieres-epingles\shopping-malin-ventes-privees.jpg;1000x1500
pret_a_publier;2026-07-14 18:48:17;Organisation budget;Comparer avant d’acheter : le réflexe économies;Retrouvez sur le blog EcoMilie des guides simples pour comparer, organiser son budget, trouver des bons plans et économiser au quotidien.;comparer les prix, budget, économies du quotidien, bons plans, blog économies, acheter malin;https://www.ecomilie.fr/blog.html;outputs\ecomilie-v1\blog.html;outputs\ecomilie-v1\EcoMilie_Assets\Pinterest\premieres-epingles\comparer-avant-acheter.jpg;1000x1500
